"STATION","NAME","DATE","DAPR","MDPR","PRCP","SNOW","SNWD"
"US1WVJF0006","CHARLES TOWN 2.5 NE, WV US","2022-01-08","   10","1.21",,,
"US1WVJF0006","CHARLES TOWN 2.5 NE, WV US","2022-01-09",,,"0.00","0.0","2.0"
"US1WVJF0006","CHARLES TOWN 2.5 NE, WV US","2022-01-10",,,"0.08","0.0","0.0"
"US1WVJF0006","CHARLES TOWN 2.5 NE, WV US","2022-01-11",,,"0.00","0.0","0.0"
"US1WVJF0006","CHARLES TOWN 2.5 NE, WV US","2022-01-12",,,"0.00","0.0","0.0"
"US1WVJF0006","CHARLES TOWN 2.5 NE, WV US","2022-01-13",,,"0.00","0.0","0.0"
"US1WVJF0006","CHARLES TOWN 2.5 NE, WV US","2022-01-14",,,"0.00","0.0","0.0"
"US1WVJF0006","CHARLES TOWN 2.5 NE, WV US","2022-01-15",,,"0.00","0.0","0.0"
"US1WVJF0006","CHARLES TOWN 2.5 NE, WV US","2022-01-16",,,"0.00","0.0","0.0"
"US1WVJF0006","CHARLES TOWN 2.5 NE, WV US","2022-01-17",,,"1.37","3.5","2.5"
"US1WVJF0006","CHARLES TOWN 2.5 NE, WV US","2022-01-18",,,"0.00","0.0","2.0"
"US1WVJF0006","CHARLES TOWN 2.5 NE, WV US","2022-01-19",,,"0.00","0.0","2.0"
"US1WVJF0006","CHARLES TOWN 2.5 NE, WV US","2022-01-20",,,"0.22","0.0","1.5"
"US1WVJF0006","CHARLES TOWN 2.5 NE, WV US","2022-01-21",,,"0.00","0.0","1.5"
"US1WVJF0006","CHARLES TOWN 2.5 NE, WV US","2022-01-22",,,"0.00","0.0","1.5"
"US1WVJF0006","CHARLES TOWN 2.5 NE, WV US","2022-01-23",,,"0.00","0.0","1.5"
"US1WVJF0006","CHARLES TOWN 2.5 NE, WV US","2022-01-24",,,"0.00","0.0","1.5"
"US1WVJF0006","CHARLES TOWN 2.5 NE, WV US","2022-01-25",,,"0.00","0.0","1.0"
"US1WVJF0006","CHARLES TOWN 2.5 NE, WV US","2022-01-26",,,"0.00","0.0","0.5"
"US1WVJF0006","CHARLES TOWN 2.5 NE, WV US","2022-01-27",,,"0.00","0.0","0.5"
"US1WVJF0006","CHARLES TOWN 2.5 NE, WV US","2022-01-28",,,"0.00","0.0","0.0"
"US1WVJF0006","CHARLES TOWN 2.5 NE, WV US","2022-01-29",,,"0.12","0.8","1.0"
"US1WVJF0006","CHARLES TOWN 2.5 NE, WV US","2022-01-30",,,"0.00","0.0",
"US1WVJF0006","CHARLES TOWN 2.5 NE, WV US","2022-01-31",,,"0.00","0.0",
"US1WVJF0006","CHARLES TOWN 2.5 NE, WV US","2022-03-13","   41","0.82",,,
"US1WVJF0006","CHARLES TOWN 2.5 NE, WV US","2022-03-14",,,"0.00","0.0","1.5"
"US1WVJF0006","CHARLES TOWN 2.5 NE, WV US","2022-03-15",,,"0.00","0.0","0.0"
"US1WVJF0006","CHARLES TOWN 2.5 NE, WV US","2022-03-16",,,"0.00","0.0","0.0"
"US1WVJF0006","CHARLES TOWN 2.5 NE, WV US","2022-03-17",,,"0.05","0.0","0.0"
"US1WVJF0006","CHARLES TOWN 2.5 NE, WV US","2022-03-18",,,"0.03","0.0","0.0"
"US1WVJF0006","CHARLES TOWN 2.5 NE, WV US","2022-03-19",,,"0.00","0.0","0.0"
"US1WVJF0006","CHARLES TOWN 2.5 NE, WV US","2022-03-20",,,"0.45","0.0","0.0"
"US1WVJF0006","CHARLES TOWN 2.5 NE, WV US","2022-03-21",,,"0.00","0.0","0.0"
"US1WVJF0006","CHARLES TOWN 2.5 NE, WV US","2022-03-22",,,"0.00","0.0","0.0"
"US1WVJF0006","CHARLES TOWN 2.5 NE, WV US","2022-03-23",,,"0.00","0.0","0.0"
"US1WVJF0006","CHARLES TOWN 2.5 NE, WV US","2022-03-24",,,"0.26","0.0","0.0"
"US1WVJF0006","CHARLES TOWN 2.5 NE, WV US","2022-03-25",,,"0.00","0.0","0.0"
"US1WVJF0006","CHARLES TOWN 2.5 NE, WV US","2022-03-26",,,"0.00","0.0","0.0"
"US1WVJF0006","CHARLES TOWN 2.5 NE, WV US","2022-03-27",,,"0.01","0.0","0.0"
"US1WVJF0006","CHARLES TOWN 2.5 NE, WV US","2022-03-28",,,"0.00","0.0","0.0"
"US1WVJF0006","CHARLES TOWN 2.5 NE, WV US","2022-03-29",,,"0.00","0.0","0.0"
"US1WVJF0006","CHARLES TOWN 2.5 NE, WV US","2022-03-30",,,"0.01","0.0","0.0"
"US1WVJF0006","CHARLES TOWN 2.5 NE, WV US","2022-03-31",,,"0.00","0.0","0.0"
"US1WVJF0006","CHARLES TOWN 2.5 NE, WV US","2022-04-01",,,"0.53","0.0","0.0"
"US1WVJF0006","CHARLES TOWN 2.5 NE, WV US","2022-04-02",,,"0.01","0.0","0.0"
"US1WVJF0006","CHARLES TOWN 2.5 NE, WV US","2022-04-03",,,"0.00","0.0","0.0"
"US1WVJF0006","CHARLES TOWN 2.5 NE, WV US","2022-04-04",,,"0.01","0.0","0.0"
"US1WVJF0006","CHARLES TOWN 2.5 NE, WV US","2022-04-05",,,"0.00","0.0","0.0"
"US1WVJF0006","CHARLES TOWN 2.5 NE, WV US","2022-04-06",,,"0.74","0.0","0.0"
"US1WVJF0006","CHARLES TOWN 2.5 NE, WV US","2022-04-07",,,"0.52","0.0","0.0"
"US1WVJF0006","CHARLES TOWN 2.5 NE, WV US","2022-04-08",,,"0.51","0.0","0.0"
"US1WVJF0006","CHARLES TOWN 2.5 NE, WV US","2022-04-09",,,"0.13","0.0","0.0"
"US1WVJF0006","CHARLES TOWN 2.5 NE, WV US","2022-04-10",,,"0.00","0.0","0.0"
"US1WVJF0006","CHARLES TOWN 2.5 NE, WV US","2022-04-11",,,"0.00","0.0","0.0"
"US1WVJF0006","CHARLES TOWN 2.5 NE, WV US","2022-04-12",,,"0.00","0.0","0.0"
"US1WVJF0006","CHARLES TOWN 2.5 NE, WV US","2022-04-13",,,"0.00","0.0","0.0"
"US1WVJF0006","CHARLES TOWN 2.5 NE, WV US","2022-04-14",,,"0.00","0.0","0.0"
"US1WVJF0006","CHARLES TOWN 2.5 NE, WV US","2022-04-15",,,"0.00","0.0","0.0"
"US1WVJF0006","CHARLES TOWN 2.5 NE, WV US","2022-04-16",,,"0.00","0.0","0.0"
"US1WVJF0006","CHARLES TOWN 2.5 NE, WV US","2022-04-17",,,"0.00","0.0","0.0"
"US1WVJF0006","CHARLES TOWN 2.5 NE, WV US","2022-04-18",,,"0.00","0.0","0.0"
"US1WVJF0006","CHARLES TOWN 2.5 NE, WV US","2022-04-19",,,"0.92","1.6","0.0"
"US1WVJF0006","CHARLES TOWN 2.5 NE, WV US","2022-04-20",,,"0.01","0.0","0.0"
"US1WVJF0006","CHARLES TOWN 2.5 NE, WV US","2022-04-21",,,"0.00","0.0","0.0"
"US1WVJF0006","CHARLES TOWN 2.5 NE, WV US","2022-04-22",,,"0.09","0.0","0.0"
"US1WVJF0006","CHARLES TOWN 2.5 NE, WV US","2022-04-23",,,"0.00","0.0","0.0"
"US1WVJF0006","CHARLES TOWN 2.5 NE, WV US","2022-04-24",,,"0.00","0.0",
"US1WVJF0006","CHARLES TOWN 2.5 NE, WV US","2022-04-25",,,"0.00","0.0","0.0"
"US1WVJF0006","CHARLES TOWN 2.5 NE, WV US","2022-04-26",,,"0.00","0.0","0.0"
"US1WVJF0006","CHARLES TOWN 2.5 NE, WV US","2022-04-27",,,"0.11","0.0","0.0"
"US1WVJF0006","CHARLES TOWN 2.5 NE, WV US","2022-04-28",,,"0.00","0.0","0.0"
"US1WVJF0006","CHARLES TOWN 2.5 NE, WV US","2022-04-29",,,"0.00","0.0","0.0"
"US1WVJF0006","CHARLES TOWN 2.5 NE, WV US","2022-04-30",,,"0.00","0.0","0.0"
"US1WVJF0006","CHARLES TOWN 2.5 NE, WV US","2022-05-01",,,"0.00","0.0","0.0"
"US1WVJF0006","CHARLES TOWN 2.5 NE, WV US","2022-05-02",,,"0.35","0.0","0.0"
"US1WVJF0006","CHARLES TOWN 2.5 NE, WV US","2022-05-03",,,"0.00","0.0","0.0"
"US1WVJF0006","CHARLES TOWN 2.5 NE, WV US","2022-05-04",,,"0.73","0.0","0.0"
"US1WVJF0006","CHARLES TOWN 2.5 NE, WV US","2022-05-05",,,"0.02","0.0","0.0"
"US1WVJF0006","CHARLES TOWN 2.5 NE, WV US","2022-05-06",,,"0.14","0.0","0.0"
"US1WVJF0006","CHARLES TOWN 2.5 NE, WV US","2022-05-07",,,"1.99","0.0","0.0"
"US1WVJF0006","CHARLES TOWN 2.5 NE, WV US","2022-05-08",,,"0.32","0.0","0.0"
"US1WVJF0006","CHARLES TOWN 2.5 NE, WV US","2022-05-09",,,"0.00","0.0","0.0"
"US1WVJF0006","CHARLES TOWN 2.5 NE, WV US","2022-05-10",,,"0.00","0.0","0.0"
"US1WVJF0006","CHARLES TOWN 2.5 NE, WV US","2022-05-11",,,"0.00","0.0","0.0"
"US1WVJF0006","CHARLES TOWN 2.5 NE, WV US","2022-05-12",,,"0.00","0.0","0.0"
"US1WVJF0006","CHARLES TOWN 2.5 NE, WV US","2022-05-13",,,"0.08","0.0","0.0"
"US1WVJF0006","CHARLES TOWN 2.5 NE, WV US","2022-05-14",,,"0.22","0.0","0.0"
"US1WVJF0006","CHARLES TOWN 2.5 NE, WV US","2022-05-15",,,"0.00","0.0","0.0"
"US1WVJF0006","CHARLES TOWN 2.5 NE, WV US","2022-05-16",,,"0.12","0.0","0.0"
"US1WVJF0006","CHARLES TOWN 2.5 NE, WV US","2022-05-17",,,"0.01","0.0","0.0"
"US1WVJF0006","CHARLES TOWN 2.5 NE, WV US","2022-05-18",,,"0.00","0.0","0.0"
"US1WVJF0006","CHARLES TOWN 2.5 NE, WV US","2022-05-19",,,"0.59","0.0","0.0"
"US1WVJF0006","CHARLES TOWN 2.5 NE, WV US","2022-05-20",,,"0.09","0.0","0.0"
"US1WVJF0006","CHARLES TOWN 2.5 NE, WV US","2022-05-21",,,"0.00","0.0","0.0"
"US1WVJF0006","CHARLES TOWN 2.5 NE, WV US","2022-05-22",,,"0.05","0.0","0.0"
"US1WVJF0006","CHARLES TOWN 2.5 NE, WV US","2022-05-23",,,"0.00","0.0","0.0"
"US1WVJF0006","CHARLES TOWN 2.5 NE, WV US","2022-05-24",,,"0.16","0.0","0.0"
"US1WVJF0006","CHARLES TOWN 2.5 NE, WV US","2022-05-25",,,"0.17","0.0","0.0"
"US1WVJF0006","CHARLES TOWN 2.5 NE, WV US","2022-05-26",,,"0.00","0.0","0.0"
"US1WVJF0006","CHARLES TOWN 2.5 NE, WV US","2022-05-30","    4","1.66",,,
"US1WVJF0006","CHARLES TOWN 2.5 NE, WV US","2022-06-04","    5","0.11",,,
"US1WVJF0006","CHARLES TOWN 2.5 NE, WV US","2022-06-05",,,"0.00","0.0",
"US1WVJF0006","CHARLES TOWN 2.5 NE, WV US","2022-06-06",,,"0.00","0.0",
"US1WVJF0006","CHARLES TOWN 2.5 NE, WV US","2022-06-07",,,"0.00","0.0",
"US1WVJF0006","CHARLES TOWN 2.5 NE, WV US","2022-06-08",,,"0.13",,
"US1WVJF0006","CHARLES TOWN 2.5 NE, WV US","2022-06-09",,,"0.35",,
"US1WVJF0006","CHARLES TOWN 2.5 NE, WV US","2022-06-10",,,"0.00","0.0",
"US1WVJF0006","CHARLES TOWN 2.5 NE, WV US","2022-06-11",,,"0.03",,
"US1WVJF0006","CHARLES TOWN 2.5 NE, WV US","2022-06-12",,,"0.05",,
"US1WVJF0006","CHARLES TOWN 2.5 NE, WV US","2022-06-13",,,"0.00","0.0",
"US1WVJF0006","CHARLES TOWN 2.5 NE, WV US","2022-06-14",,,"0.26",,
"US1WVJF0006","CHARLES TOWN 2.5 NE, WV US","2022-06-15",,,"0.00",,
"US1WVJF0006","CHARLES TOWN 2.5 NE, WV US","2022-06-16",,,"0.00","0.0",
"US1WVJF0006","CHARLES TOWN 2.5 NE, WV US","2022-06-17",,,"0.89",,
"US1WVJF0006","CHARLES TOWN 2.5 NE, WV US","2022-06-18",,,"0.00","0.0",
"US1WVJF0006","CHARLES TOWN 2.5 NE, WV US","2022-06-19",,,"0.00","0.0",
"US1WVJF0006","CHARLES TOWN 2.5 NE, WV US","2022-06-20",,,"0.00","0.0",
"US1WVJF0006","CHARLES TOWN 2.5 NE, WV US","2022-06-21",,,"0.00","0.0",
"US1WVJF0006","CHARLES TOWN 2.5 NE, WV US","2022-06-22",,,"0.12",,
"US1WVJF0006","CHARLES TOWN 2.5 NE, WV US","2022-06-23",,,"1.27",,
"US1WVJF0006","CHARLES TOWN 2.5 NE, WV US","2022-06-24",,,"0.02",,
"US1WVJF0006","CHARLES TOWN 2.5 NE, WV US","2022-06-25",,,"0.00","0.0",
"US1WVJF0006","CHARLES TOWN 2.5 NE, WV US","2022-06-26",,,"0.00","0.0",
"US1WVJF0006","CHARLES TOWN 2.5 NE, WV US","2022-06-27",,,"0.09",,
"US1WVJF0006","CHARLES TOWN 2.5 NE, WV US","2022-06-28",,,"0.04",,
"US1WVJF0006","CHARLES TOWN 2.5 NE, WV US","2022-06-29",,,"0.00","0.0",
"US1WVJF0006","CHARLES TOWN 2.5 NE, WV US","2022-06-30",,,"0.00","0.0",
"US1WVJF0006","CHARLES TOWN 2.5 NE, WV US","2022-07-01",,,"0.00","0.0",
"US1WVJF0006","CHARLES TOWN 2.5 NE, WV US","2022-07-02",,,"0.10",,
"US1WVJF0006","CHARLES TOWN 2.5 NE, WV US","2022-07-03",,,"0.01",,
"US1WVJF0006","CHARLES TOWN 2.5 NE, WV US","2022-07-04",,,"0.00","0.0",
"US1WVJF0006","CHARLES TOWN 2.5 NE, WV US","2022-07-05",,,"0.00","0.0",
"US1WVJF0006","CHARLES TOWN 2.5 NE, WV US","2022-07-06",,,"0.06",,
"US1WVJF0006","CHARLES TOWN 2.5 NE, WV US","2022-07-08","    2","0.05",,,
"US1WVJF0006","CHARLES TOWN 2.5 NE, WV US","2022-07-09",,,"0.44",,
"US1WVJF0006","CHARLES TOWN 2.5 NE, WV US","2022-07-10",,,"0.17",,
"US1WVJF0006","CHARLES TOWN 2.5 NE, WV US","2022-07-11",,,"0.00","0.0",
"US1WVJF0006","CHARLES TOWN 2.5 NE, WV US","2022-07-12",,,"0.00","0.0",
"US1WVJF0006","CHARLES TOWN 2.5 NE, WV US","2022-07-13",,,"0.06",,
"US1WVJF0006","CHARLES TOWN 2.5 NE, WV US","2022-07-14",,,"0.00","0.0",
"US1WVJF0006","CHARLES TOWN 2.5 NE, WV US","2022-07-15",,,"0.00","0.0",
"US1WVJF0006","CHARLES TOWN 2.5 NE, WV US","2022-07-16",,,"0.00","0.0",
"US1WVJF0006","CHARLES TOWN 2.5 NE, WV US","2022-07-17",,,"0.02",,
"US1WVJF0006","CHARLES TOWN 2.5 NE, WV US","2022-07-18",,,"0.00",,
"US1WVJF0006","CHARLES TOWN 2.5 NE, WV US","2022-07-19",,,"0.50",,
"US1WVJF0006","CHARLES TOWN 2.5 NE, WV US","2022-07-20",,,"0.00","0.0",
"US1WVJF0006","CHARLES TOWN 2.5 NE, WV US","2022-07-21",,,"0.00","0.0",
"US1WVJF0006","CHARLES TOWN 2.5 NE, WV US","2022-07-22",,,"0.00","0.0",
"US1WVJF0006","CHARLES TOWN 2.5 NE, WV US","2022-07-23",,,"0.00","0.0",
"US1WVJF0006","CHARLES TOWN 2.5 NE, WV US","2022-07-24",,,"0.51",,
"US1WVJF0006","CHARLES TOWN 2.5 NE, WV US","2022-07-25",,,"0.00","0.0",
"US1WVJF0006","CHARLES TOWN 2.5 NE, WV US","2022-07-26",,,"0.10",,
"US1WVJF0006","CHARLES TOWN 2.5 NE, WV US","2022-07-27",,,"0.00",,
"US1WVJF0006","CHARLES TOWN 2.5 NE, WV US","2022-07-28",,,"0.00",,
"US1WVJF0006","CHARLES TOWN 2.5 NE, WV US","2022-07-29",,,"0.05",,
"US1WVJF0006","CHARLES TOWN 2.5 NE, WV US","2022-07-30",,,"0.09",,
"US1WVJF0006","CHARLES TOWN 2.5 NE, WV US","2022-07-31",,,"0.00","0.0",
"US1WVJF0006","CHARLES TOWN 2.5 NE, WV US","2022-08-01",,,"0.98",,
"US1WVJF0006","CHARLES TOWN 2.5 NE, WV US","2022-08-02",,,"0.15",,
"US1WVJF0006","CHARLES TOWN 2.5 NE, WV US","2022-08-03",,,"0.00","0.0",
"US1WVJF0006","CHARLES TOWN 2.5 NE, WV US","2022-08-04",,,"0.00","0.0",
"US1WVJF0006","CHARLES TOWN 2.5 NE, WV US","2022-08-05",,,"1.54",,
"US1WVJF0006","CHARLES TOWN 2.5 NE, WV US","2022-08-06",,,"0.01",,
"US1WVJF0006","CHARLES TOWN 2.5 NE, WV US","2022-08-07",,,"0.00","0.0",
"US1WVJF0006","CHARLES TOWN 2.5 NE, WV US","2022-08-08",,,"0.04",,
"US1WVJF0006","CHARLES TOWN 2.5 NE, WV US","2022-08-09",,,"0.20",,
"US1WVJF0006","CHARLES TOWN 2.5 NE, WV US","2022-08-10",,,"0.27",,
"US1WVJF0006","CHARLES TOWN 2.5 NE, WV US","2022-08-11",,,"1.44",,
"US1WVJF0006","CHARLES TOWN 2.5 NE, WV US","2022-08-12",,,"0.05",,
"US1WVJF0006","CHARLES TOWN 2.5 NE, WV US","2022-08-13",,,"0.00","0.0",
"US1WVJF0006","CHARLES TOWN 2.5 NE, WV US","2022-08-14",,,"0.00","0.0",
"US1WVJF0006","CHARLES TOWN 2.5 NE, WV US","2022-08-15",,,"0.21",,
"US1WVJF0006","CHARLES TOWN 2.5 NE, WV US","2022-08-16",,,"0.35",,
"US1WVJF0006","CHARLES TOWN 2.5 NE, WV US","2022-08-17",,,"0.00","0.0",
"US1WVJF0006","CHARLES TOWN 2.5 NE, WV US","2022-08-18",,,"0.00",,
"US1WVJF0006","CHARLES TOWN 2.5 NE, WV US","2022-08-19",,,"0.00","0.0",
"US1WVJF0006","CHARLES TOWN 2.5 NE, WV US","2022-08-20",,,"0.00","0.0",
"US1WVJF0006","CHARLES TOWN 2.5 NE, WV US","2022-08-21",,,"0.00","0.0",
"US1WVJF0006","CHARLES TOWN 2.5 NE, WV US","2022-08-22",,,"0.00","0.0",
"US1WVJF0006","CHARLES TOWN 2.5 NE, WV US","2022-08-23",,,"0.10",,
"US1WVJF0006","CHARLES TOWN 2.5 NE, WV US","2022-08-24",,,"0.00","0.0",
"US1WVJF0006","CHARLES TOWN 2.5 NE, WV US","2022-08-25",,,"0.00","0.0",
"US1WVJF0006","CHARLES TOWN 2.5 NE, WV US","2022-08-26",,,"0.00","0.0",
"US1WVJF0006","CHARLES TOWN 2.5 NE, WV US","2022-08-27",,,"0.25",,
"US1WVJF0006","CHARLES TOWN 2.5 NE, WV US","2022-08-28",,,"0.00","0.0",
"US1WVJF0006","CHARLES TOWN 2.5 NE, WV US","2022-08-29",,,"0.00","0.0",
"US1WVJF0006","CHARLES TOWN 2.5 NE, WV US","2022-08-30",,,"0.00","0.0",
"US1WVJF0006","CHARLES TOWN 2.5 NE, WV US","2022-08-31",,,"0.40",,
"US1WVJF0006","CHARLES TOWN 2.5 NE, WV US","2022-09-01",,,"0.00","0.0",
"US1WVJF0006","CHARLES TOWN 2.5 NE, WV US","2022-09-02",,,"0.00","0.0",
"US1WVJF0006","CHARLES TOWN 2.5 NE, WV US","2022-09-03",,,"0.00","0.0",
"US1WVJF0006","CHARLES TOWN 2.5 NE, WV US","2022-09-11","    8","1.98",,,
"US1WVJF0006","CHARLES TOWN 2.5 NE, WV US","2022-09-12",,,"0.00",,
"US1WVJF0006","CHARLES TOWN 2.5 NE, WV US","2022-09-13",,,"0.78",,
"US1WVJF0006","CHARLES TOWN 2.5 NE, WV US","2022-09-14",,,"0.00","0.0",
"US1WVJF0006","CHARLES TOWN 2.5 NE, WV US","2022-09-15",,,"0.00","0.0",
"US1WVJF0006","CHARLES TOWN 2.5 NE, WV US","2022-09-16",,,"0.00","0.0",
"US1WVJF0006","CHARLES TOWN 2.5 NE, WV US","2022-09-17",,,"0.00","0.0",
"US1WVJF0006","CHARLES TOWN 2.5 NE, WV US","2022-09-18",,,"0.00","0.0",
"US1WVJF0006","CHARLES TOWN 2.5 NE, WV US","2022-09-19",,,"0.00","0.0",
"US1WVJF0006","CHARLES TOWN 2.5 NE, WV US","2022-09-20",,,"0.00","0.0",
"US1WVJF0006","CHARLES TOWN 2.5 NE, WV US","2022-09-21",,,"0.00","0.0",
"US1WVJF0006","CHARLES TOWN 2.5 NE, WV US","2022-09-22",,,"0.00","0.0",
"US1WVJF0006","CHARLES TOWN 2.5 NE, WV US","2022-09-23",,,"0.14",,
"US1WVJF0006","CHARLES TOWN 2.5 NE, WV US","2022-09-24",,,"0.00","0.0",
"US1WVJF0006","CHARLES TOWN 2.5 NE, WV US","2022-09-25",,,"0.02",,
"US1WVJF0006","CHARLES TOWN 2.5 NE, WV US","2022-09-26",,,"0.40",,
"US1WVJF0006","CHARLES TOWN 2.5 NE, WV US","2022-09-27",,,"0.00","0.0",
"US1WVJF0006","CHARLES TOWN 2.5 NE, WV US","2022-09-28",,,"0.00","0.0",
"US1WVJF0006","CHARLES TOWN 2.5 NE, WV US","2022-09-29",,,"0.00","0.0",
"US1WVJF0006","CHARLES TOWN 2.5 NE, WV US","2022-09-30",,,"0.00","0.0",
"US1WVJF0006","CHARLES TOWN 2.5 NE, WV US","2022-10-01",,,"0.88",,
"US1WVJF0006","CHARLES TOWN 2.5 NE, WV US","2022-10-05","    4","1.58",,,
"US1WVJF0006","CHARLES TOWN 2.5 NE, WV US","2022-10-06",,,"0.00","0.0",
"US1WVJF0006","CHARLES TOWN 2.5 NE, WV US","2022-10-07",,,"0.00","0.0",
"US1WVJF0006","CHARLES TOWN 2.5 NE, WV US","2022-10-08",,,"0.00","0.0",
"US1WVJF0006","CHARLES TOWN 2.5 NE, WV US","2022-10-09",,,"0.00","0.0",
"US1WVJF0006","CHARLES TOWN 2.5 NE, WV US","2022-10-10",,,"0.00","0.0",
"US1WVJF0006","CHARLES TOWN 2.5 NE, WV US","2022-10-11",,,"0.00","0.0",
"US1WVJF0006","CHARLES TOWN 2.5 NE, WV US","2022-10-12",,,"0.00","0.0",
"US1WVJF0006","CHARLES TOWN 2.5 NE, WV US","2022-10-13",,,"0.11",,
"US1WVJF0006","CHARLES TOWN 2.5 NE, WV US","2022-10-14",,,"0.11",,
"US1WVJF0006","CHARLES TOWN 2.5 NE, WV US","2022-10-15",,,"0.00","0.0",
"US1WVJF0006","CHARLES TOWN 2.5 NE, WV US","2022-10-16",,,"0.00","0.0",
"US1WVJF0006","CHARLES TOWN 2.5 NE, WV US","2022-10-17",,,"0.00","0.0",
"US1WVJF0006","CHARLES TOWN 2.5 NE, WV US","2022-10-18",,,"0.00","0.0",
"US1WVJF0006","CHARLES TOWN 2.5 NE, WV US","2022-10-19",,,"0.00","0.0",
"US1WVJF0006","CHARLES TOWN 2.5 NE, WV US","2022-10-20",,,"0.00","0.0",
"US1WVJF0006","CHARLES TOWN 2.5 NE, WV US","2022-10-21",,,"0.00","0.0",
"US1WVJF0006","CHARLES TOWN 2.5 NE, WV US","2022-10-22",,,"0.00","0.0",
"US1WVJF0006","CHARLES TOWN 2.5 NE, WV US","2022-10-23",,,"0.00","0.0",
"US1WVJF0006","CHARLES TOWN 2.5 NE, WV US","2022-10-24",,,"0.00","0.0",
"US1WVJF0006","CHARLES TOWN 2.5 NE, WV US","2022-10-25",,,"0.00","0.0",
"US1WVJF0006","CHARLES TOWN 2.5 NE, WV US","2022-10-26",,,"0.00","0.0",
"US1WVJF0006","CHARLES TOWN 2.5 NE, WV US","2022-10-27",,,"0.07",,
"US1WVJF0006","CHARLES TOWN 2.5 NE, WV US","2022-10-28",,,"0.00","0.0",
"US1WVJF0006","CHARLES TOWN 2.5 NE, WV US","2022-10-29",,,"0.00","0.0",
"US1WVJF0006","CHARLES TOWN 2.5 NE, WV US","2022-10-30",,,"0.00","0.0",
"US1WVJF0006","CHARLES TOWN 2.5 NE, WV US","2022-10-31",,,"0.00","0.0",
"US1WVJF0006","CHARLES TOWN 2.5 NE, WV US","2022-11-01",,,"0.33",,
"US1WVJF0006","CHARLES TOWN 2.5 NE, WV US","2022-11-02",,,"0.00","0.0",
"US1WVJF0006","CHARLES TOWN 2.5 NE, WV US","2022-11-03",,,"0.00","0.0",
"US1WVJF0006","CHARLES TOWN 2.5 NE, WV US","2022-11-04",,,"0.00","0.0",
"US1WVJF0006","CHARLES TOWN 2.5 NE, WV US","2022-11-05",,,"0.02",,
"US1WVJF0006","CHARLES TOWN 2.5 NE, WV US","2022-11-06",,,"0.00","0.0",
"US1WVJF0006","CHARLES TOWN 2.5 NE, WV US","2022-11-07",,,"0.00",,
"US1WVJF0006","CHARLES TOWN 2.5 NE, WV US","2022-11-08",,,"0.00","0.0",
"US1WVJF0006","CHARLES TOWN 2.5 NE, WV US","2022-11-09",,,"0.00","0.0",
"US1WVJF0006","CHARLES TOWN 2.5 NE, WV US","2022-11-10",,,"0.00","0.0",
"US1WVJF0006","CHARLES TOWN 2.5 NE, WV US","2022-11-11",,,"0.37",,
"US1WVJF0006","CHARLES TOWN 2.5 NE, WV US","2022-11-12",,,"0.97",,
"US1WVJF0006","CHARLES TOWN 2.5 NE, WV US","2022-11-13",,,"0.00",,
"US1WVJF0006","CHARLES TOWN 2.5 NE, WV US","2022-11-14",,,"0.00","0.0",
"US1WVJF0006","CHARLES TOWN 2.5 NE, WV US","2022-11-15",,,"0.00","0.0",
"US1WVJF0006","CHARLES TOWN 2.5 NE, WV US","2022-11-16",,,"0.86","0.0","0.0"
"US1WVJF0006","CHARLES TOWN 2.5 NE, WV US","2022-11-17",,,"0.00","0.0",
"US1WVJF0006","CHARLES TOWN 2.5 NE, WV US","2022-11-18",,,"0.00","0.0",
"US1WVJF0006","CHARLES TOWN 2.5 NE, WV US","2022-11-19",,,"0.00","0.0",
"US1WVJF0006","CHARLES TOWN 2.5 NE, WV US","2022-11-20",,,"0.00","0.0",
"US1WVJF0006","CHARLES TOWN 2.5 NE, WV US","2022-11-21",,,"0.00","0.0",
"US1WVJF0006","CHARLES TOWN 2.5 NE, WV US","2022-11-22",,,"0.00","0.0",
"US1WVJF0006","CHARLES TOWN 2.5 NE, WV US","2022-11-23",,,"0.00","0.0",
"US1WVJF0006","CHARLES TOWN 2.5 NE, WV US","2022-11-24",,,"0.00","0.0",
"US1WVJF0006","CHARLES TOWN 2.5 NE, WV US","2022-11-25",,,"0.06",,
"US1WVJF0006","CHARLES TOWN 2.5 NE, WV US","2022-11-26",,,"0.00","0.0",
"US1WVJF0006","CHARLES TOWN 2.5 NE, WV US","2022-11-27",,,"0.00","0.0",
"US1WVJF0006","CHARLES TOWN 2.5 NE, WV US","2022-11-28",,,"0.14",,
"US1WVJF0006","CHARLES TOWN 2.5 NE, WV US","2022-11-29",,,"0.00","0.0",
"US1WVJF0006","CHARLES TOWN 2.5 NE, WV US","2022-11-30",,,"0.10",,
"US1WVJF0006","CHARLES TOWN 2.5 NE, WV US","2022-12-01",,,"0.02",,
"US1WVJF0006","CHARLES TOWN 2.5 NE, WV US","2022-12-02",,,"0.00","0.0",
"US1WVJF0006","CHARLES TOWN 2.5 NE, WV US","2022-12-03",,,"0.39",,
"US1WVJF0006","CHARLES TOWN 2.5 NE, WV US","2022-12-04",,,"0.00","0.0",
"US1WVJF0006","CHARLES TOWN 2.5 NE, WV US","2022-12-05",,,"0.00","0.0",
"US1WVJF0006","CHARLES TOWN 2.5 NE, WV US","2022-12-06",,,"0.00",,
"US1WVJF0006","CHARLES TOWN 2.5 NE, WV US","2022-12-07",,,"0.13",,
"US1WVJF0006","CHARLES TOWN 2.5 NE, WV US","2022-12-08",,,"0.05",,
"US1WVJF0006","CHARLES TOWN 2.5 NE, WV US","2022-12-09",,,"0.00","0.0",
"US1WVJF0006","CHARLES TOWN 2.5 NE, WV US","2022-12-10",,,"0.00","0.0",
"US1WVJF0006","CHARLES TOWN 2.5 NE, WV US","2022-12-11",,,"0.00",,
"US1WVJF0006","CHARLES TOWN 2.5 NE, WV US","2022-12-12",,,"0.00",,
"US1WVJF0006","CHARLES TOWN 2.5 NE, WV US","2022-12-13",,,"0.00","0.0",
"US1WVJF0006","CHARLES TOWN 2.5 NE, WV US","2022-12-14",,,"0.00","0.0",
"US1WVJF0006","CHARLES TOWN 2.5 NE, WV US","2022-12-15",,,"0.65","0.0","0.0"
"US1WVJF0006","CHARLES TOWN 2.5 NE, WV US","2022-12-16",,,"1.05","0.0","0.0"
"US1WVJF0006","CHARLES TOWN 2.5 NE, WV US","2022-12-17",,,"0.00","0.0","0.0"
"US1WVJF0006","CHARLES TOWN 2.5 NE, WV US","2022-12-18",,,"0.00","0.0","0.0"
"US1WVJF0006","CHARLES TOWN 2.5 NE, WV US","2022-12-19",,,"0.00","0.0",
"US1WVJF0006","CHARLES TOWN 2.5 NE, WV US","2022-12-20",,,"0.00","0.0",
"US1WVJF0006","CHARLES TOWN 2.5 NE, WV US","2022-12-21",,,"0.00","0.0",
"US1WVJF0006","CHARLES TOWN 2.5 NE, WV US","2022-12-22",,,"0.05","0.0","0.0"
"US1WVJF0006","CHARLES TOWN 2.5 NE, WV US","2022-12-23",,,"2.24","0.5","0.0"
"US1WVJF0006","CHARLES TOWN 2.5 NE, WV US","2022-12-24",,,"0.00","0.0","0.0"
"US1WVJF0006","CHARLES TOWN 2.5 NE, WV US","2022-12-25",,,"0.00","0.0",
"US1WVJF0006","CHARLES TOWN 2.5 NE, WV US","2022-12-26",,,"0.00","0.0",
"US1WVJF0006","CHARLES TOWN 2.5 NE, WV US","2022-12-27",,,"0.00","0.0",
"US1WVJF0006","CHARLES TOWN 2.5 NE, WV US","2022-12-28",,,"0.00","0.0",
"US1WVJF0006","CHARLES TOWN 2.5 NE, WV US","2022-12-29",,,"0.00","0.0",
"US1WVJF0006","CHARLES TOWN 2.5 NE, WV US","2022-12-30",,,"0.00","0.0","0.0"
"US1WVJF0006","CHARLES TOWN 2.5 NE, WV US","2022-12-31",,,"0.00","0.0",
